codon	amino_acid	name	is_start
TTT	F	Phenylalanine	no
TTC	F	Phenylalanine	no
TTA	L	Leucine	no
TTG	L	Leucine	yes
TCT	S	Serine	no
TCC	S	Serine	no
TCA	S	Serine	no
TCG	S	Serine	no
TAT	Y	Tyrosine	no
TAC	Y	Tyrosine	no
TAA	*	stop	no
TAG	*	stop	no
TGT	C	Cysteine	no
TGC	C	Cysteine	no
TGA	*	stop	no
TGG	W	Tryptophan	no
CTT	L	Leucine	no
CTC	L	Leucine	no
CTA	L	Leucine	no
CTG	L	Leucine	yes
CCT	P	Proline	no
CCC	P	Proline	no
CCA	P	Proline	no
CCG	P	Proline	no
CAT	H	Histidine	no
CAC	H	Histidine	no
CAA	Q	Glutamine	no
CAG	Q	Glutamine	no
CGT	R	Arginine	no
CGC	R	Arginine	no
CGA	R	Arginine	no
CGG	R	Arginine	no
ATT	I	Isoleucine	no
ATC	I	Isoleucine	no
ATA	I	Isoleucine	no
ATG	M	Methionine	yes
ACT	T	Threonine	no
ACC	T	Threonine	no
ACA	T	Threonine	no
ACG	T	Threonine	no
AAT	N	Asparagine	no
AAC	N	Asparagine	no
AAA	K	Lysine	no
AAG	K	Lysine	no
AGT	S	Serine	no
AGC	S	Serine	no
AGA	R	Arginine	no
AGG	R	Arginine	no
GTT	V	Valine	no
GTC	V	Valine	no
GTA	V	Valine	no
GTG	V	Valine	no
GCT	A	Alanine	no
GCC	A	Alanine	no
GCA	A	Alanine	no
GCG	A	Alanine	no
GAT	D	Aspartic acid	no
GAC	D	Aspartic acid	no
GAA	E	Glutamic acid	no
GAG	E	Glutamic acid	no
GGT	G	Glycine	no
GGC	G	Glycine	no
GGA	G	Glycine	no
GGG	G	Glycine	no
